Date, Open, High, Low, Close, Volume
10/27/23, 11.90, 11.95, 11.50, 11.85, 43800
10/26/23, 11.85, 11.90, 11.80, 11.85, 48000
10/25/23, 12.00, 12.00, 11.70, 11.80, 39100
10/24/23, 11.95, 11.95, 11.75, 11.95, 99700
10/23/23, 12.00, 12.05, 11.80, 11.95, 772600
10/19/23, 12.00, 12.00, 11.90, 11.95, 464000
10/18/23, 12.00, 12.05, 11.90, 12.00, 549400
10/17/23, 12.00, 12.05, 11.85, 12.00, 409000
10/16/23, 11.95, 11.95, 11.75, 11.85, 290900
10/13/23, 11.95, 12.00, 11.85, 11.90, 124200
10/12/23, 11.95, 12.00, 11.90, 11.95, 42900
10/11/23, 11.90, 12.00, 11.85, 11.95, 86500
10/09/23, 12.00, 12.00, 11.75, 11.90, 1369400
10/06/23, 11.90, 12.00, 11.80, 11.90, 179500
10/05/23, 11.80, 12.00, 11.80, 11.90, 43400
10/04/23, 11.85, 12.00, 11.50, 11.95, 58000
10/03/23, 11.75, 12.00, 11.70, 11.85, 103800
10/02/23, 12.00, 12.00, 11.75, 11.85, 170900
09/29/23, 11.90, 12.00, 11.85, 11.95, 127500
09/28/23, 11.85, 11.95, 11.75, 11.85, 121200
09/27/23, 11.90, 11.90, 11.75, 11.75, 1958300
09/26/23, 11.80, 11.95, 11.75, 11.85, 98000
09/25/23, 11.80, 12.00, 11.80, 11.85, 169200
09/22/23, 11.70, 12.40, 11.70, 11.85, 89800
09/21/23, 11.95, 12.00, 11.75, 11.85, 293100
09/20/23, 11.80, 12.00, 11.75, 11.95, 1137100
09/19/23, 11.75, 11.95, 11.70, 11.80, 310000
09/18/23, 11.75, 11.80, 11.75, 11.75, 56400
09/15/23, 11.80, 11.80, 11.70, 11.75, 146000
09/14/23, 11.80, 11.80, 11.75, 11.80, 94300
09/13/23, 11.90, 11.90, 11.65, 11.75, 6759800
09/12/23, 11.90, 11.90, 11.50, 11.75, 276700
09/11/23, 11.85, 11.90, 11.75, 11.85, 96500
09/08/23, 12.00, 12.00, 11.75, 11.75, 3823000
09/07/23, 11.75, 11.90, 11.50, 11.75, 5213000
09/06/23, 11.75, 11.85, 11.75, 11.75, 291400
09/05/23, 11.75, 11.85, 11.70, 11.75, 862100
09/04/23, 11.85, 11.85, 11.65, 11.75, 704700
09/01/23, 11.75, 11.85, 11.70, 11.75, 191100
08/31/23, 11.75, 12.00, 11.60, 11.70, 110500
08/30/23, 11.50, 11.75, 11.30, 11.50, 124300
08/29/23, 11.40, 11.50, 11.25, 11.35, 40700
08/28/23, 11.10, 11.75, 10.95, 11.20, 87200
08/25/23, 11.70, 11.75, 11.00, 11.10, 266300
08/24/23, 11.75, 11.75, 11.45, 11.60, 84800
08/23/23, 11.80, 12.00, 11.70, 11.80, 104900
08/22/23, 11.80, 12.00, 11.60, 11.75, 54300
08/21/23, 12.00, 12.00, 11.60, 11.85, 96500
08/18/23, 11.95, 12.00, 11.85, 11.90, 63600
08/17/23, 12.40, 12.50, 11.55, 11.95, 275700
08/16/23, 12.15, 12.20, 11.90, 12.05, 159800
08/15/23, 12.10, 12.20, 12.00, 12.15, 69300
08/14/23, 12.50, 12.50, 12.00, 12.20, 11574800
08/11/23, 12.45, 12.60, 12.40, 12.45, 172400
08/10/23, 12.45, 12.60, 12.40, 12.45, 11074600
08/09/23, 12.50, 12.55, 12.40, 12.45, 139500
08/08/23, 12.55, 12.55, 12.40, 12.45, 56800
08/07/23, 12.40, 12.55, 12.35, 12.45, 43400
08/04/23, 12.40, 12.50, 12.30, 12.40, 11000
08/03/23, 12.35, 12.35, 12.30, 12.35, 103400
08/02/23, 12.35, 12.40, 12.25, 12.30, 136900
08/01/23, 12.40, 12.50, 12.05, 12.30, 114200
07/31/23, 12.60, 12.60, 12.25, 12.35, 188200
07/28/23, 12.35, 12.60, 12.30, 12.40, 49200
07/27/23, 12.30, 12.60, 12.10, 12.25, 1619900
07/26/23, 12.25, 12.35, 12.05, 12.20, 201000
07/25/23, 12.10, 12.35, 12.00, 12.20, 166000
07/24/23, 12.35, 12.35, 12.25, 12.25, 112500
07/21/23, 12.40, 12.40, 12.30, 12.35, 34500
07/20/23, 12.25, 12.40, 12.25, 12.35, 1259100
07/19/23, 12.25, 12.30, 12.20, 12.25, 100300
07/18/23, 12.20, 12.30, 12.15, 12.25, 427500
07/17/23, 12.25, 12.30, 12.10, 12.20, 106000
07/14/23, 12.20, 12.25, 12.15, 12.20, 145800
07/13/23, 12.20, 12.25, 12.15, 12.20, 85000
07/12/23, 12.20, 12.20, 12.10, 12.15, 88900
07/11/23, 12.15, 12.15, 12.05, 12.15, 100500
07/10/23, 12.15, 12.15, 12.05, 12.10, 193900
07/07/23, 12.30, 12.30, 12.00, 12.10, 199200
07/06/23, 12.45, 12.50, 12.15, 12.30, 119000
07/05/23, 12.20, 12.50, 12.10, 12.10, 6279300
07/04/23, 11.90, 12.20, 11.80, 12.00, 206900
07/03/23, 11.75, 12.00, 11.75, 11.85, 194700
06/30/23, 11.75, 11.85, 11.70, 11.80, 44300
06/29/23, 11.70, 11.75, 11.65, 11.70, 162200
06/27/23, 11.65, 11.75, 11.60, 11.70, 124400
06/26/23, 11.80, 11.80, 11.65, 11.75, 72100
06/23/23, 11.70, 11.80, 11.60, 11.75, 52400
06/22/23, 11.75, 11.80, 11.60, 11.75, 19600
06/21/23, 11.75, 11.95, 11.70, 11.75, 270800
06/20/23, 11.70, 11.80, 11.60, 11.70, 95100
06/19/23, 11.95, 11.95, 11.50, 11.60, 40000
06/16/23, 11.70, 11.70, 11.50, 11.55, 1505500
06/15/23, 11.75, 11.75, 11.65, 11.70, 75000
06/14/23, 12.00, 12.00, 11.65, 11.75, 83800
06/13/23, 11.80, 11.80, 11.70, 11.75, 107200
06/12/23, 11.70, 11.80, 11.60, 11.60, 1473900
06/09/23, 11.70, 11.70, 11.40, 11.55, 49000
06/08/23, 11.50, 11.50, 11.40, 11.45, 258900
06/07/23, 12.00, 12.00, 11.20, 11.70, 312100
06/06/23, 11.85, 11.85, 11.65, 11.80, 406300
06/05/23, 11.80, 11.85, 11.70, 11.80, 152200
06/02/23, 11.80, 11.90, 11.30, 11.60, 100200
05/31/23, 11.30, 11.80, 11.20, 11.35, 313300
05/30/23, 11.05, 11.35, 11.00, 11.20, 247400
05/29/23, 10.80, 11.35, 10.80, 11.00, 89200
05/26/23, 10.50, 11.30, 10.50, 10.80, 9628900
05/25/23, 10.50, 10.70, 10.40, 10.45, 235600
05/24/23, 10.45, 10.50, 10.40, 10.45, 399700
05/23/23, 10.70, 10.70, 10.35, 10.35, 239800
05/22/23, 10.35, 10.70, 10.35, 10.45, 87500
05/19/23, 10.40, 10.50, 10.35, 10.40, 141400
05/18/23, 10.35, 10.50, 10.35, 10.35, 1141800
05/17/23, 10.50, 10.50, 10.30, 10.35, 198500
05/16/23, 10.50, 10.50, 10.20, 10.35, 194600
05/15/23, 10.15, 10.40, 10.15, 10.25, 76200
05/12/23, 10.25, 10.30, 10.15, 10.20, 104100
05/11/23, 10.35, 10.35, 10.20, 10.25, 132200
05/10/23, 10.40, 10.50, 10.15, 10.25, 174700
05/09/23, 10.60, 10.60, 10.15, 10.40, 4654400
05/08/23, 10.40, 10.70, 10.30, 10.50, 91600
05/05/23, 10.30, 10.50, 10.05, 10.10, 143500
05/04/23, 10.20, 10.50, 10.00, 10.15, 413300
05/03/23, 11.00, 11.00, 10.20, 10.50, 270700
05/02/23, 11.80, 11.80, 10.50, 10.70, 97800
04/28/23, 12.30, 12.50, 12.00, 12.15, 1594600
04/27/23, 12.30, 12.30, 11.95, 12.05, 459600
04/26/23, 12.20, 12.50, 12.00, 12.15, 669500
04/25/23, 12.35, 12.35, 12.00, 12.20, 391500
04/24/23, 12.45, 12.50, 12.00, 12.30, 272800
04/20/23, 12.40, 12.50, 12.35, 12.35, 352700
04/19/23, 12.55, 12.65, 12.35, 12.45, 171100
04/18/23, 12.60, 12.70, 12.45, 12.55, 2146000
04/17/23, 12.75, 12.75, 12.55, 12.65, 312000
04/14/23, 12.75, 12.75, 12.60, 12.70, 91000
04/13/23, 12.70, 12.75, 12.70, 12.70, 58700
04/12/23, 12.70, 12.85, 12.65, 12.75, 30700
04/11/23, 12.60, 12.95, 12.40, 12.75, 78500
04/06/23, 13.00, 13.00, 12.60, 12.85, 99000
04/05/23, 13.00, 13.00, 12.85, 12.95, 39900
04/04/23, 12.90, 12.90, 12.80, 12.90, 36600
04/03/23, 13.00, 13.00, 12.60, 12.90, 31300
03/31/23, 12.90, 13.00, 12.50, 12.80, 96000
03/30/23, 12.45, 12.90, 12.45, 12.65, 65900
03/29/23, 12.00, 12.70, 11.95, 12.20, 52100
03/28/23, 11.95, 12.70, 11.90, 12.10, 244900
03/27/23, 12.00, 12.00, 11.90, 11.95, 53900
03/24/23, 11.90, 12.00, 11.75, 11.90, 128000
03/23/23, 11.70, 11.90, 11.60, 11.80, 92200
03/22/23, 11.75, 11.75, 11.50, 11.60, 223200
03/21/23, 12.00, 12.00, 11.70, 11.75, 434900
03/20/23, 12.00, 12.00, 11.90, 12.00, 46200
03/17/23, 12.10, 12.10, 11.90, 12.00, 106600
03/16/23, 12.60, 12.60, 12.00, 12.20, 3080900
03/15/23, 12.95, 12.95, 12.50, 12.65, 45500
03/14/23, 12.75, 12.75, 12.50, 12.55, 69100
03/13/23, 12.75, 12.80, 12.60, 12.70, 40000
03/10/23, 12.70, 12.70, 12.20, 12.55, 54900
03/09/23, 12.45, 12.55, 12.05, 12.40, 219400
03/08/23, 12.50, 12.50, 12.20, 12.50, 767500
03/07/23, 12.65, 12.65, 12.40, 12.50, 342400
03/06/23, 12.50, 12.70, 12.40, 12.45, 40800
03/03/23, 12.40, 12.50, 12.05, 12.40, 10568100
03/02/23, 12.50, 12.50, 12.10, 12.35, 94200
03/01/23, 12.50, 12.50, 12.30, 12.35, 63000
02/28/23, 12.60, 12.90, 12.40, 12.50, 102400
02/27/23, 12.60, 12.70, 12.50, 12.70, 633800
02/24/23, 12.60, 12.60, 12.50, 12.55, 45100
02/23/23, 12.65, 12.70, 12.60, 12.60, 3024400
02/22/23, 12.55, 12.70, 12.55, 12.60, 170300
02/21/23, 12.55, 12.65, 12.55, 12.60, 357200
02/20/23, 12.55, 12.60, 12.50, 12.50, 583500
02/17/23, 12.50, 12.65, 12.45, 12.55, 46500
02/16/23, 12.50, 12.70, 12.45, 12.50, 240400
02/15/23, 12.50, 12.65, 12.40, 12.45, 45300
02/14/23, 12.60, 12.65, 12.40, 12.50, 335200
02/13/23, 12.55, 12.60, 12.50, 12.50, 60800
02/10/23, 12.60, 12.65, 12.50, 12.55, 63200
02/09/23, 12.40, 12.70, 12.40, 12.55, 90000
02/08/23, 12.70, 12.70, 12.50, 12.55, 68900
02/07/23, 12.30, 12.70, 12.30, 12.45, 31100
02/06/23, 12.25, 12.50, 12.25, 12.30, 106400
02/03/23, 12.45, 12.45, 12.30, 12.40, 145100
02/02/23, 12.35, 12.50, 12.30, 12.40, 70400
02/01/23, 12.30, 12.55, 12.30, 12.45, 121900
01/31/23, 12.40, 12.55, 12.30, 12.40, 147400
01/30/23, 12.45, 12.55, 12.40, 12.50, 144700
01/27/23, 12.45, 12.75, 12.35, 12.45, 225300
01/26/23, 12.40, 12.45, 12.30, 12.35, 160900
01/25/23, 12.50, 12.50, 12.35, 12.40, 74400
01/24/23, 12.50, 12.60, 12.30, 12.40, 126200
01/23/23, 12.30, 13.00, 12.25, 12.50, 65100
01/20/23, 12.20, 12.80, 12.20, 12.30, 86900
01/19/23, 12.20, 12.50, 12.10, 12.20, 62200
01/18/23, 12.20, 12.20, 12.05, 12.15, 65700
01/17/23, 12.20, 12.30, 12.20, 12.25, 70600
01/16/23, 12.25, 12.30, 12.20, 12.25, 111100
01/13/23, 12.25, 12.35, 12.20, 12.25, 154900
01/12/23, 12.50, 12.50, 12.25, 12.35, 128300
01/11/23, 12.00, 12.50, 12.00, 12.25, 220400
01/10/23, 12.10, 12.20, 11.90, 12.05, 84400
01/09/23, 12.05, 12.20, 12.05, 12.10, 168200
01/06/23, 12.25, 12.25, 12.05, 12.05, 6611900
01/05/23, 12.15, 12.20, 12.00, 12.05, 2830100
01/04/23, 12.10, 12.20, 12.00, 12.10, 106300
01/03/23, 12.10, 12.45, 12.10, 12.20, 134300
12/30/22, 12.20, 12.50, 12.15, 12.30, 108400
12/29/22, 12.25, 12.25, 12.10, 12.20, 1041800
12/28/22, 12.10, 12.30, 12.10, 12.20, 26800
12/23/22, 12.10, 12.20, 12.00, 12.10, 20900
12/22/22, 12.50, 12.50, 12.00, 12.05, 173500
12/21/22, 12.20, 12.20, 12.10, 12.20, 31500
12/20/22, 12.00, 12.20, 12.00, 12.05, 61200
12/19/22, 12.30, 12.30, 12.05, 12.20, 56700
12/16/22, 12.20, 12.25, 12.05, 12.15, 132100
12/15/22, 12.30, 12.30, 12.00, 12.05, 75600
12/14/22, 12.00, 12.10, 12.00, 12.00, 149900
12/13/22, 12.00, 12.10, 12.00, 12.00, 85700
12/09/22, 12.00, 12.10, 12.00, 12.00, 71700
12/08/22, 12.00, 12.00, 11.90, 12.00, 41300
12/07/22, 12.05, 12.10, 11.65, 11.95, 42000
12/06/22, 12.10, 12.50, 11.95, 12.05, 73200
12/05/22, 11.80, 12.10, 11.80, 12.00, 118700
12/02/22, 11.95, 12.00, 11.65, 11.80, 102500
12/01/22, 11.80, 12.00, 11.80, 11.95, 31500
11/30/22, 11.40, 12.50, 11.40, 11.65, 53300
11/29/22, 11.50, 12.00, 11.40, 11.80, 121400
11/28/22, 11.70, 11.70, 11.25, 11.40, 48900
11/25/22, 11.60, 11.70, 11.55, 11.65, 98400
11/24/22, 11.60, 11.70, 11.30, 11.50, 31800
11/23/22, 11.75, 11.75, 11.50, 11.60, 78200
11/22/22, 11.75, 11.75, 11.40, 11.60, 171200
11/21/22, 11.75, 11.80, 11.60, 11.75, 39500
11/18/22, 11.70, 11.80, 11.60, 11.70, 85500
11/17/22, 11.80, 11.80, 11.70, 11.70, 125500
11/16/22, 11.70, 11.80, 11.40, 11.70, 14983400
11/15/22, 11.60, 11.70, 11.60, 11.65, 91800
11/14/22, 11.90, 11.90, 11.55, 11.70, 34100
11/11/22, 11.85, 11.90, 11.65, 11.70, 39600
11/10/22, 11.70, 12.00, 11.70, 11.85, 55000
11/09/22, 12.00, 12.00, 11.60, 11.80, 44700
11/08/22, 12.00, 12.00, 11.40, 11.70, 1109000
11/07/22, 11.50, 11.70, 11.10, 11.70, 1179400
11/04/22, 11.45, 11.55, 11.15, 11.40, 146500
11/03/22, 11.50, 11.50, 11.35, 11.50, 87800
11/02/22, 11.35, 11.60, 11.30, 11.45, 77600
11/01/22, 12.25, 12.25, 11.20, 11.35, 52400
10/31/22, 11.35, 11.35, 11.15, 11.25, 111100
10/28/22, 11.25, 11.35, 11.00, 11.15, 69700
10/27/22, 11.50, 11.50, 11.15, 11.35, 35900
10/26/22, 11.50, 11.50, 11.15, 11.35, 38600
10/25/22, 11.60, 11.65, 11.35, 11.50, 92300
10/24/22, 11.65, 11.65, 11.40, 11.60, 57500
10/21/22, 11.65, 11.65, 11.50, 11.60, 94800
10/19/22, 11.85, 11.85, 11.50, 11.65, 101600
10/18/22, 11.50, 12.00, 11.50, 11.65, 56900
10/17/22, 11.20, 11.50, 11.20, 11.35, 111900
10/14/22, 11.20, 11.20, 11.05, 11.15, 37000
10/13/22, 11.15, 11.20, 11.00, 11.10, 50300
10/12/22, 11.00, 11.15, 10.80, 10.95, 68900
10/11/22, 11.00, 11.10, 10.90, 10.95, 84700
10/07/22, 11.00, 11.20, 10.90, 10.95, 62700
10/06/22, 11.00, 11.20, 10.80, 10.95, 100700
10/05/22, 11.05, 11.20, 10.95, 11.00, 95300
10/04/22, 11.10, 11.35, 11.00, 11.05, 130400
10/03/22, 11.35, 11.40, 11.10, 11.30, 93100
09/30/22, 11.50, 11.50, 11.40, 11.45, 48800
09/29/22, 11.40, 11.50, 11.25, 11.35, 77500
09/28/22, 11.40, 11.45, 11.10, 11.30, 16300
09/27/22, 11.30, 11.50, 11.05, 11.25, 53900
09/26/22, 11.80, 11.80, 11.30, 11.40, 2063000
09/23/22, 11.80, 11.80, 11.05, 11.45, 33500
09/22/22, 11.70, 11.70, 11.00, 11.40, 546800
09/21/22, 11.80, 11.80, 11.50, 11.55, 264100
09/20/22, 11.80, 11.80, 11.50, 11.60, 188400
09/19/22, 11.70, 12.00, 11.50, 11.70, 192700
09/16/22, 11.50, 11.70, 11.50, 11.60, 60100
09/15/22, 11.75, 11.75, 11.10, 11.35, 70900
09/14/22, 12.00, 12.00, 11.50, 11.70, 56100
09/12/22, 11.95, 12.00, 11.90, 11.95, 170300
09/09/22, 11.90, 12.00, 11.90, 11.95, 46300
09/08/22, 12.00, 12.10, 11.90, 11.95, 49100
09/07/22, 12.00, 12.50, 11.90, 12.00, 280600
09/06/22, 12.00, 12.40, 11.95, 12.00, 294600
09/05/22, 12.30, 12.50, 11.70, 12.00, 1407500
09/02/22, 12.00, 12.05, 11.90, 12.00, 65800
09/01/22, 11.90, 12.00, 11.80, 12.00, 67200
08/31/22, 11.65, 11.90, 11.65, 11.85, 18600
08/30/22, 11.70, 12.00, 11.65, 11.85, 11800
08/29/22, 12.30, 12.30, 11.45, 11.65, 102200
08/26/22, 11.90, 12.00, 11.60, 11.70, 68200
08/25/22, 11.70, 12.00, 11.70, 11.80, 65800
08/24/22, 12.00, 12.00, 11.00, 11.60, 226500
08/23/22, 12.30, 12.30, 11.90, 12.00, 125100
08/22/22, 12.35, 12.50, 12.10, 12.20, 76100
08/19/22, 12.30, 12.45, 12.25, 12.35, 107000
08/18/22, 12.40, 12.45, 12.25, 12.30, 272700
08/17/22, 12.05, 12.40, 12.05, 12.30, 139900
08/16/22, 12.40, 12.40, 12.05, 12.25, 72500
08/15/22, 12.30, 12.40, 12.00, 12.10, 41500
08/12/22, 12.40, 12.40, 11.95, 12.00, 144600
08/11/22, 12.00, 12.50, 11.85, 12.00, 174200
08/10/22, 11.75, 12.00, 11.40, 11.75, 581300
08/08/22, 11.55, 11.70, 11.40, 11.60, 161900
08/05/22, 11.50, 11.50, 11.35, 11.40, 249800
08/04/22, 11.30, 11.60, 11.20, 11.35, 109700
08/03/22, 11.25, 11.30, 11.05, 11.20, 100600
08/02/22, 11.30, 11.30, 11.10, 11.15, 961100
08/01/22, 11.10, 11.55, 11.05, 11.25, 226100
07/29/22, 10.95, 11.15, 10.95, 11.05, 114600
07/28/22, 10.70, 11.10, 10.70, 10.95, 178300
07/27/22, 10.65, 11.00, 10.60, 10.65, 452200
07/26/22, 10.75, 10.75, 10.50, 10.50, 161300
07/25/22, 10.80, 10.80, 10.65, 10.70, 71100
07/22/22, 10.80, 10.80, 10.05, 10.45, 195000
07/21/22, 10.55, 10.85, 10.40, 10.50, 245600
07/20/22, 10.80, 10.85, 10.45, 10.55, 212900
07/19/22, 10.70, 10.85, 10.45, 10.55, 253600
07/18/22, 11.00, 11.00, 10.50, 10.65, 87800
07/15/22, 11.30, 11.30, 10.50, 10.85, 183900
07/14/22, 11.30, 11.45, 11.00, 11.25, 128400
07/13/22, 11.30, 11.60, 11.30, 11.45, 204700
07/12/22, 11.60, 11.70, 11.30, 11.45, 61900
07/08/22, 11.05, 11.70, 10.95, 11.20, 84400
07/07/22, 10.95, 11.80, 10.90, 10.90, 267500
07/06/22, 10.75, 10.95, 10.70, 10.90, 38100
07/05/22, 10.65, 10.95, 10.65, 10.70, 63100
07/04/22, 10.50, 10.70, 10.50, 10.60, 64700
07/01/22, 10.80, 10.80, 10.50, 10.60, 67300
06/30/22, 10.40, 10.55, 10.30, 10.45, 92200
06/29/22, 10.25, 10.75, 10.20, 10.50, 114000
06/28/22, 10.50, 10.50, 10.20, 10.25, 98300
06/27/22, 10.25, 10.35, 10.20, 10.25, 87500
06/24/22, 10.40, 10.45, 10.00, 10.20, 68600
06/23/22, 10.70, 10.70, 10.00, 10.30, 116200
06/22/22, 10.80, 10.80, 10.45, 10.60, 74800
06/21/22, 10.80, 10.85, 10.65, 10.75, 93200
06/20/22, 10.85, 10.85, 10.55, 10.75, 44600
06/17/22, 11.25, 11.25, 10.40, 10.80, 54200
06/16/22, 10.80, 11.00, 10.50, 10.85, 43100
06/15/22, 11.45, 11.45, 10.40, 10.90, 62900
06/14/22, 11.20, 11.50, 10.40, 10.90, 47700
06/13/22, 11.60, 11.60, 11.00, 11.45, 232400
06/10/22, 11.50, 12.00, 11.30, 11.50, 73300
06/09/22, 10.95, 11.50, 10.90, 11.45, 7365600
06/08/22, 10.95, 11.30, 10.85, 11.00, 1272900
06/07/22, 10.50, 11.50, 10.50, 10.95, 218200
06/06/22, 11.00, 11.00, 10.50, 10.65, 127300
06/03/22, 10.70, 10.75, 10.35, 10.50, 104200
06/02/22, 10.20, 10.70, 10.20, 10.30, 75200
05/31/22, 10.50, 10.50, 10.20, 10.25, 44900
05/30/22, 10.45, 10.50, 10.00, 10.20, 106300
05/27/22, 10.20, 10.50, 9.90, 10.05, 258500
05/26/22, 10.30, 10.50, 9.90, 10.10, 78000
05/25/22, 9.88, 10.05, 9.82, 9.96, 699000
05/24/22, 9.76, 9.90, 9.76, 9.90, 216300
05/23/22, 9.76, 9.90, 9.70, 9.82, 81400
05/20/22, 9.80, 9.80, 9.70, 9.76, 142200
05/19/22, 9.80, 9.80, 9.70, 9.74, 28300
05/18/22, 9.80, 9.80, 9.70, 9.78, 70400
05/17/22, 9.94, 9.94, 9.70, 9.80, 140000
05/16/22, 9.88, 9.94, 9.76, 9.86, 44400
05/13/22, 9.90, 9.90, 9.02, 9.70, 232900
05/12/22, 9.96, 10.00, 9.90, 9.94, 99200
05/11/22, 10.00, 10.00, 9.86, 9.96, 40800
05/10/22, 10.00, 10.20, 9.50, 9.86, 224000
05/09/22, 10.00, 10.10, 9.94, 10.00, 131600
05/06/22, 10.00, 10.20, 9.80, 9.94, 84100
05/05/22, 10.20, 10.20, 9.80, 9.98, 120200
05/04/22, 10.00, 10.25, 9.76, 9.98, 123400
04/28/22, 10.55, 10.55, 9.70, 9.98, 812500
04/27/22, 11.40, 11.40, 10.60, 10.75, 140400
04/26/22, 11.95, 11.95, 11.20, 11.75, 102300
04/25/22, 12.70, 12.70, 12.60, 12.60, 660700
04/22/22, 12.65, 12.70, 12.55, 12.60, 341900
04/21/22, 12.60, 12.85, 12.60, 12.70, 170300
04/20/22, 12.55, 12.80, 12.55, 12.55, 700600
04/19/22, 12.65, 12.80, 12.45, 12.55, 868700
04/14/22, 12.45, 12.55, 12.30, 12.40, 103300
04/13/22, 12.45, 12.45, 12.30, 12.35, 81400
04/12/22, 12.25, 12.30, 12.25, 12.30, 228700
04/11/22, 12.30, 12.30, 12.20, 12.25, 266400
04/08/22, 12.25, 12.30, 12.20, 12.25, 93200
04/07/22, 12.30, 12.50, 12.25, 12.35, 118100
04/06/22, 12.40, 12.40, 12.15, 12.25, 80000
04/05/22, 12.40, 12.45, 12.20, 12.30, 93900
04/04/22, 12.50, 12.50, 12.15, 12.35, 70000
04/01/22, 12.50, 12.50, 12.00, 12.10, 141000
03/31/22, 12.40, 12.50, 12.40, 12.45, 163800
03/30/22, 12.35, 12.50, 12.00, 12.35, 191200
03/29/22, 12.65, 12.65, 12.40, 12.50, 305000
03/28/22, 12.50, 12.65, 12.35, 12.50, 464400
03/25/22, 12.40, 12.40, 12.30, 12.35, 141900
03/24/22, 12.40, 12.45, 12.30, 12.35, 2465800
03/23/22, 12.35, 12.40, 12.30, 12.35, 3363500
03/22/22, 12.55, 12.75, 12.35, 12.40, 164100
03/21/22, 12.30, 12.95, 12.30, 12.55, 108100
03/18/22, 12.40, 12.50, 12.15, 12.40, 412300
03/17/22, 12.50, 12.50, 12.10, 12.30, 2380300
03/16/22, 12.25, 12.90, 12.20, 12.20, 889900
03/15/22, 12.15, 12.50, 12.15, 12.25, 3817700
03/14/22, 12.05, 12.30, 12.05, 12.15, 106100
03/11/22, 12.20, 12.20, 12.00, 12.10, 64400
03/10/22, 12.30, 12.40, 12.10, 12.15, 133700
03/09/22, 12.30, 12.30, 12.00, 12.10, 373000
03/08/22, 11.75, 12.40, 11.75, 12.20, 240700
03/07/22, 12.00, 12.15, 11.80, 11.85, 143100
03/04/22, 12.00, 12.00, 11.90, 11.95, 75100
03/03/22, 12.20, 12.20, 11.90, 12.00, 131900
03/02/22, 11.90, 12.10, 11.90, 12.00, 66300
03/01/22, 12.00, 12.10, 11.30, 11.90, 24500
02/28/22, 12.00, 12.00, 11.40, 11.90, 260800
02/25/22, 12.10, 12.20, 11.95, 12.00, 3665700
02/24/22, 12.45, 12.45, 12.05, 12.10, 1360700
02/23/22, 12.10, 12.50, 12.05, 12.20, 104200
02/22/22, 12.00, 12.50, 11.90, 11.90, 6232100
02/21/22, 12.00, 12.10, 11.80, 12.00, 87900
02/18/22, 12.00, 12.10, 11.75, 12.00, 425400
02/17/22, 11.90, 12.00, 11.70, 11.75, 79400
02/16/22, 11.70, 12.00, 11.65, 11.70, 586900
02/15/22, 11.70, 11.80, 11.65, 11.70, 136300
02/14/22, 11.80, 11.85, 11.60, 11.75, 273300
02/11/22, 11.80, 11.85, 11.60, 11.65, 251900
02/10/22, 11.65, 11.80, 11.45, 11.60, 236600
02/09/22, 11.70, 11.70, 11.40, 11.55, 66400
02/08/22, 11.70, 11.70, 11.20, 11.40, 172300
02/07/22, 11.90, 12.00, 11.00, 11.40, 197300
02/04/22, 11.90, 12.00, 11.85, 11.90, 318600
02/03/22, 11.85, 11.90, 11.70, 11.80, 143400
02/02/22, 11.85, 11.95, 11.80, 11.85, 141200
02/01/22, 11.70, 11.95, 11.70, 11.80, 102100
01/31/22, 11.75, 11.90, 11.60, 11.85, 278400
01/28/22, 11.80, 11.90, 11.60, 11.75, 406100
01/27/22, 11.75, 11.90, 11.75, 11.80, 133600
01/26/22, 11.80, 11.90, 11.80, 11.80, 130400
01/25/22, 11.90, 11.90, 11.80, 11.80, 82400
01/24/22, 11.85, 11.85, 11.80, 11.80, 80500
01/21/22, 11.80, 11.85, 11.75, 11.80, 104500
01/20/22, 11.95, 11.95, 11.80, 11.80, 156300
01/19/22, 11.90, 12.00, 11.85, 11.95, 50000
01/18/22, 11.90, 11.95, 11.75, 11.90, 113300
01/17/22, 11.85, 11.95, 11.80, 11.85, 192500
01/14/22, 11.75, 11.90, 11.75, 11.85, 119800
01/13/22, 12.00, 12.00, 11.70, 11.80, 645000
01/12/22, 11.95, 12.00, 11.80, 12.00, 245200
01/11/22, 11.95, 11.95, 11.80, 11.90, 55900
01/10/22, 11.75, 11.95, 11.75, 11.90, 969300
01/07/22, 11.85, 11.95, 11.60, 11.80, 202600
01/06/22, 11.80, 11.90, 11.70, 11.80, 128900
01/05/22, 11.80, 11.80, 11.60, 11.75, 72800
01/04/22, 11.85, 11.85, 11.70, 11.80, 86600
01/03/22, 11.90, 11.90, 11.60, 11.75, 57700
12/31/21, 11.90, 11.95, 11.70, 11.85, 7800
12/30/21, 11.70, 11.90, 11.50, 11.70, 122200
12/29/21, 11.50, 12.00, 11.50, 11.80, 456200
12/28/21, 11.55, 11.80, 11.50, 11.60, 265300
12/24/21, 11.50, 11.75, 11.50, 11.55, 178300
12/23/21, 11.25, 11.40, 11.25, 11.30, 301900
12/22/21, 11.25, 11.25, 11.00, 11.20, 282400
12/21/21, 11.20, 11.40, 11.00, 11.20, 298100
12/20/21, 11.30, 11.40, 11.00, 11.10, 48700
12/17/21, 11.20, 11.25, 11.05, 11.20, 43300
12/16/21, 11.20, 11.20, 11.00, 11.00, 307400
12/15/21, 11.30, 11.30, 11.00, 11.05, 138100
12/14/21, 11.10, 11.30, 10.95, 11.20, 362000
12/10/21, 10.95, 11.10, 10.90, 11.05, 52000
12/09/21, 11.00, 11.10, 10.85, 10.95, 213400
12/08/21, 11.00, 11.10, 10.90, 10.95, 167700
12/07/21, 10.90, 10.95, 10.80, 10.85, 573700
12/06/21, 10.85, 11.00, 10.80, 10.80, 117000
12/03/21, 10.80, 11.10, 10.80, 11.05, 301800
12/02/21, 11.25, 11.25, 10.60, 10.80, 213700
12/01/21, 10.50, 11.25, 10.50, 10.90, 661300
11/30/21, 11.25, 11.40, 10.95, 11.05, 662800
11/29/21, 11.20, 11.40, 11.00, 11.25, 10912300
11/26/21, 10.95, 11.10, 10.80, 10.95, 1276000
11/25/21, 10.90, 10.95, 10.80, 10.90, 660000
11/24/21, 10.75, 10.90, 10.75, 10.90, 4220900
11/23/21, 10.60, 10.80, 10.60, 10.75, 1268000
11/22/21, 10.50, 10.55, 10.45, 10.45, 4179000
11/19/21, 10.45, 10.55, 10.45, 10.50, 1412700
11/18/21, 10.45, 10.50, 10.35, 10.45, 383100
11/17/21, 10.40, 10.45, 10.30, 10.35, 1037600
11/16/21, 10.40, 10.50, 10.20, 10.35, 223100
11/15/21, 10.50, 10.50, 10.35, 10.40, 158100
11/12/21, 10.25, 10.40, 10.20, 10.20, 3403600
11/11/21, 10.40, 10.40, 10.20, 10.30, 2314300
11/10/21, 10.35, 10.40, 10.25, 10.30, 169300
11/09/21, 10.25, 10.45, 10.25, 10.40, 1089400
11/08/21, 10.25, 10.30, 10.05, 10.25, 112700
11/05/21, 10.30, 10.35, 10.05, 10.25, 109300
11/04/21, 10.25, 10.45, 10.25, 10.30, 29700
11/03/21, 10.20, 10.25, 10.10, 10.15, 116700
11/02/21, 10.15, 10.40, 10.00, 10.10, 155600
11/01/21, 10.45, 10.45, 10.05, 10.10, 117500
10/29/21, 10.20, 10.45, 10.20, 10.25, 340000
10/28/21, 10.50, 10.50, 10.10, 10.20, 45100
10/27/21, 10.05, 10.50, 10.05, 10.15, 506000
10/26/21, 10.05, 10.25, 10.00, 10.10, 118100
10/25/21, 10.30, 10.50, 10.00, 10.10, 45900
10/22/21, 10.30, 10.30, 10.00, 10.05, 130600
10/21/21, 10.30, 10.30, 10.00, 10.05, 127300
10/19/21, 10.15, 10.30, 10.00, 10.20, 324300
10/18/21, 10.25, 10.25, 10.05, 10.10, 25100
10/15/21, 10.25, 10.25, 10.05, 10.15, 113800
10/14/21, 10.10, 10.30, 10.10, 10.25, 645900
10/13/21, 10.25, 10.25, 10.05, 10.10, 78400
10/12/21, 10.25, 10.25, 10.10, 10.15, 458700
10/08/21, 10.20, 10.50, 10.00, 10.25, 1045800
10/07/21, 10.50, 10.50, 10.05, 10.25, 62600
10/06/21, 10.55, 10.55, 10.25, 10.30, 578000
10/05/21, 10.35, 10.50, 10.20, 10.25, 97400
10/04/21, 10.55, 10.55, 10.30, 10.40, 52100
10/01/21, 10.55, 10.60, 10.30, 10.50, 72500
09/30/21, 10.60, 10.60, 10.40, 10.55, 97900
09/29/21, 10.50, 10.60, 10.45, 10.55, 241400
09/28/21, 10.60, 10.60, 10.55, 10.55, 50200
09/27/21, 10.65, 10.65, 10.55, 10.60, 3063900
09/24/21, 10.60, 10.60, 10.50, 10.55, 79400
09/23/21, 10.45, 10.70, 10.45, 10.60, 893700
09/22/21, 10.40, 10.60, 10.40, 10.50, 50400
09/21/21, 10.60, 10.60, 10.40, 10.50, 120700
09/20/21, 10.60, 10.60, 10.05, 10.35, 268100
09/17/21, 10.50, 10.65, 10.30, 10.35, 68700
09/16/21, 10.50, 11.00, 10.35, 10.45, 132100
09/15/21, 11.00, 11.35, 10.35, 10.60, 44800
09/14/21, 10.50, 11.00, 10.35, 10.60, 4115900
09/13/21, 10.55, 10.55, 10.30, 10.45, 99900
09/10/21, 10.35, 10.55, 10.30, 10.40, 67400
09/09/21, 10.40, 10.50, 10.30, 10.30, 1750900
09/08/21, 10.30, 10.40, 10.15, 10.30, 581200
09/07/21, 10.35, 10.40, 10.00, 10.30, 180800
09/06/21, 10.55, 10.55, 10.10, 10.40, 61100
09/03/21, 10.50, 10.60, 10.50, 10.55, 94500
09/02/21, 10.60, 10.60, 10.35, 10.50, 77100
09/01/21, 11.00, 11.00, 10.50, 10.90, 644700
08/31/21, 11.00, 11.00, 10.90, 10.95, 285300
08/30/21, 11.10, 11.10, 10.95, 11.00, 227400
08/27/21, 10.95, 11.15, 10.95, 11.00, 647300
08/26/21, 10.75, 11.00, 10.55, 10.95, 5950600
08/25/21, 10.55, 10.70, 10.55, 10.55, 613400
08/24/21, 10.35, 10.70, 10.35, 10.55, 300000
08/23/21, 10.30, 10.55, 10.20, 10.30, 2686000
08/20/21, 10.20, 10.25, 10.10, 10.15, 88600
08/19/21, 10.30, 10.35, 10.15, 10.25, 20100
08/18/21, 10.15, 10.35, 10.10, 10.15, 249100
08/17/21, 10.00, 10.30, 9.80, 10.00, 647000
08/16/21, 9.80, 10.00, 9.70, 9.80, 84300
08/13/21, 9.76, 9.90, 9.70, 9.78, 76300
08/12/21, 9.80, 9.90, 9.70, 9.76, 118300
08/11/21, 9.98, 10.00, 9.74, 9.92, 179000
08/10/21, 9.90, 9.90, 9.74, 9.80, 222500
08/09/21, 9.80, 9.90, 9.70, 9.80, 622700
08/06/21, 9.72, 9.98, 9.70, 9.80, 635400
08/05/21, 9.98, 9.98, 9.70, 9.82, 35600
08/04/21, 9.92, 9.98, 9.68, 9.76, 59800
08/03/21, 9.96, 9.96, 9.70, 9.82, 124800
08/02/21, 9.90, 9.96, 9.90, 9.92, 67700
07/30/21, 10.00, 10.00, 9.90, 9.94, 266100
07/29/21, 10.20, 10.20, 9.90, 9.94, 2023800
07/28/21, 10.00, 10.00, 9.62, 9.88, 642000
07/27/21, 9.86, 10.00, 9.66, 9.74, 61700
07/26/21, 9.90, 10.00, 9.50, 9.66, 70600
07/23/21, 9.90, 9.90, 9.76, 9.86, 12800
07/22/21, 10.00, 10.00, 9.60, 9.88, 43600
07/21/21, 10.00, 10.10, 9.90, 9.98, 130700
07/19/21, 10.10, 10.10, 10.00, 10.00, 710000
07/16/21, 9.98, 10.10, 9.82, 10.00, 344400
07/15/21, 9.96, 10.00, 9.90, 10.00, 49900
07/14/21, 10.00, 10.00, 9.90, 9.94, 444400
07/13/21, 10.05, 10.20, 9.90, 10.00, 109100
07/12/21, 10.05, 10.25, 10.00, 10.10, 142200
07/09/21, 10.15, 10.15, 10.00, 10.05, 2958300
07/08/21, 10.00, 10.15, 9.98, 10.00, 355100
07/07/21, 9.80, 10.05, 9.80, 10.00, 222400
07/06/21, 9.76, 9.92, 9.50, 9.68, 394500
07/05/21, 9.76, 9.92, 9.40, 9.42, 3148600
07/02/21, 9.90, 9.90, 9.20, 9.40, 1238200
07/01/21, 9.60, 9.96, 9.30, 9.60, 55100
06/30/21, 10.05, 10.05, 9.80, 9.92, 134900
06/29/21, 10.10, 10.10, 10.00, 10.00, 75000
06/28/21, 10.00, 10.10, 9.92, 10.00, 27000
06/25/21, 10.10, 10.10, 9.90, 9.92, 83600
06/24/21, 10.00, 10.10, 9.80, 9.88, 97800
06/23/21, 10.20, 10.20, 9.80, 10.10, 439000
06/22/21, 10.25, 10.25, 10.00, 10.15, 243700
06/21/21, 10.15, 10.25, 10.10, 10.20, 274500
06/18/21, 10.15, 10.20, 10.00, 10.10, 73100
06/17/21, 10.15, 10.20, 10.05, 10.10, 289000
06/16/21, 10.00, 10.20, 9.94, 10.05, 288500
06/15/21, 10.20, 10.25, 10.00, 10.10, 233500
06/14/21, 10.00, 10.25, 10.00, 10.25, 5650400
06/11/21, 10.10, 10.15, 10.00, 10.10, 72800
06/10/21, 10.05, 10.15, 10.05, 10.10, 78500
06/09/21, 10.00, 10.20, 9.86, 10.00, 189200
06/08/21, 9.86, 10.00, 9.86, 9.94, 205500
06/07/21, 9.82, 9.96, 9.74, 9.86, 53900
06/04/21, 9.68, 9.90, 9.52, 9.78, 999600
06/03/21, 9.70, 9.70, 9.50, 9.50, 2011400
06/02/21, 9.52, 9.70, 9.50, 9.54, 164600
05/31/21, 9.50, 9.50, 9.34, 9.48, 371900
05/28/21, 9.70, 9.76, 9.42, 9.52, 2073900
05/27/21, 8.94, 9.78, 8.94, 9.54, 223700
05/26/21, 9.30, 9.48, 8.94, 9.22, 168500
05/25/21, 9.20, 9.38, 9.20, 9.22, 54100
05/24/21, 9.10, 9.20, 9.00, 9.10, 355100
05/21/21, 9.10, 9.16, 9.00, 9.10, 57900
05/20/21, 8.98, 9.10, 8.92, 9.02, 483900
05/19/21, 9.00, 9.00, 8.84, 8.92, 173000
05/18/21, 8.90, 8.98, 8.80, 8.84, 212500
05/17/21, 8.88, 9.00, 8.80, 8.88, 92400
05/13/21, 8.86, 8.88, 8.70, 8.80, 40700
05/12/21, 8.78, 8.80, 8.74, 8.78, 378700
05/11/21, 8.80, 8.80, 8.72, 8.78, 52200
05/10/21, 8.84, 8.84, 8.72, 8.78, 335300
05/07/21, 8.80, 8.88, 8.72, 8.76, 54500
05/06/21, 8.70, 8.80, 8.70, 8.80, 183000
05/05/21, 8.80, 8.80, 8.60, 8.66, 36400
05/04/21, 8.80, 8.80, 8.60, 8.70, 64700
05/03/21, 8.80, 8.90, 8.70, 8.80, 81800
04/30/21, 8.80, 8.80, 8.70, 8.78, 457600
04/29/21, 8.70, 8.78, 8.70, 8.74, 49200
04/28/21, 8.76, 8.76, 8.62, 8.68, 153800
04/27/21, 8.80, 8.80, 8.60, 8.64, 63600
04/26/21, 8.78, 8.80, 8.60, 8.68, 92700
04/23/21, 8.60, 8.80, 8.60, 8.72, 238700
04/22/21, 8.70, 8.70, 8.60, 8.62, 406700
04/21/21, 8.80, 8.80, 8.66, 8.70, 50200
04/20/21, 8.84, 8.86, 8.78, 8.80, 215000
04/19/21, 8.84, 8.86, 8.74, 8.78, 63800
04/16/21, 8.88, 8.88, 8.72, 8.80, 34300
04/15/21, 8.78, 8.90, 8.78, 8.84, 168700
04/14/21, 8.80, 8.90, 8.70, 8.76, 109900
04/13/21, 8.90, 9.00, 8.80, 8.86, 47600
04/12/21, 8.90, 8.90, 8.80, 8.88, 85200
04/09/21, 8.82, 8.90, 8.70, 8.86, 407100
04/08/21, 8.96, 8.96, 8.80, 8.86, 74300
04/07/21, 8.90, 9.00, 8.80, 8.84, 207400
04/06/21, 9.00, 9.00, 8.80, 8.82, 104500
04/01/21, 8.82, 9.00, 8.70, 8.80, 577900
03/31/21, 8.70, 8.98, 8.66, 8.82, 442900
03/30/21, 8.70, 8.70, 8.64, 8.66, 219200
03/29/21, 8.60, 8.98, 8.50, 8.64, 165600
03/26/21, 9.00, 9.00, 8.80, 8.86, 357500
03/25/21, 9.00, 9.26, 8.82, 8.94, 360600
03/24/21, 9.30, 9.30, 8.50, 9.00, 600500
03/23/21, 9.44, 9.48, 9.42, 9.44, 162000
03/22/21, 9.48, 9.48, 9.34, 9.38, 618500
03/19/21, 9.50, 9.50, 9.40, 9.44, 17200
03/18/21, 9.36, 9.50, 9.34, 9.38, 160300
03/17/21, 9.30, 9.60, 9.24, 9.34, 408200
03/16/21, 9.50, 9.50, 9.30, 9.32, 163200
03/15/21, 9.42, 9.44, 9.30, 9.36, 419900
03/12/21, 9.40, 9.44, 9.36, 9.42, 183000
03/11/21, 9.48, 9.50, 9.34, 9.40, 509200
03/10/21, 9.50, 9.56, 9.40, 9.44, 180500
03/09/21, 9.56, 9.56, 9.40, 9.50, 129000
03/08/21, 9.70, 9.70, 9.50, 9.58, 61200
03/05/21, 9.56, 9.70, 9.54, 9.60, 28700
03/04/21, 9.56, 9.56, 9.50, 9.54, 45500
03/03/21, 9.70, 9.70, 9.50, 9.56, 41400
03/02/21, 9.70, 9.70, 9.40, 9.56, 140300
03/01/21, 9.80, 9.80, 9.24, 9.64, 62800
02/26/21, 9.80, 9.80, 9.72, 9.72, 559900
02/25/21, 9.88, 9.88, 9.68, 9.74, 192000
02/24/21, 9.88, 9.90, 9.70, 9.84, 104400
02/23/21, 9.72, 9.80, 9.72, 9.78, 243800
02/22/21, 9.70, 9.80, 9.60, 9.72, 564900
02/19/21, 9.66, 9.70, 9.56, 9.62, 156300
02/18/21, 9.56, 9.64, 9.56, 9.60, 52200
02/17/21, 9.54, 9.66, 9.50, 9.58, 323600
02/16/21, 9.60, 9.60, 9.50, 9.54, 315000
02/15/21, 9.50, 9.60, 9.50, 9.60, 2072000
02/12/21, 9.48, 9.60, 9.40, 9.60, 2087100
02/11/21, 9.40, 9.48, 9.38, 9.40, 68800
02/10/21, 9.32, 9.44, 9.30, 9.36, 62400
02/09/21, 9.30, 9.32, 9.20, 9.30, 24900
02/08/21, 9.30, 9.38, 9.10, 9.18, 511700
02/05/21, 9.30, 9.30, 9.10, 9.26, 83100
02/04/21, 9.10, 9.30, 9.10, 9.10, 1587200
02/03/21, 9.30, 9.34, 9.00, 9.18, 38700
02/02/21, 9.38, 9.38, 8.90, 8.90, 2500600
02/01/21, 9.36, 9.36, 8.90, 9.04, 173200
01/29/21, 9.36, 9.38, 9.14, 9.32, 20200
01/28/21, 9.40, 9.40, 9.00, 9.14, 157800
01/27/21, 9.40, 9.40, 9.02, 9.10, 342500
01/26/21, 9.38, 9.38, 9.22, 9.34, 42100
01/25/21, 9.46, 9.46, 9.12, 9.36, 66400
01/22/21, 9.50, 9.50, 9.40, 9.46, 31900
01/21/21, 9.50, 9.50, 9.44, 9.48, 51000
01/20/21, 9.70, 9.70, 9.44, 9.50, 141700
01/19/21, 9.52, 9.78, 9.48, 9.50, 500200
01/18/21, 9.50, 9.76, 9.44, 9.50, 148100
01/15/21, 9.50, 9.78, 9.44, 9.50, 56100
01/14/21, 9.42, 9.50, 9.40, 9.40, 195400
01/13/21, 9.78, 9.78, 9.38, 9.42, 583000
01/12/21, 9.68, 9.70, 9.44, 9.50, 40200
01/11/21, 9.70, 9.70, 9.44, 9.46, 77900
01/08/21, 9.60, 9.78, 9.40, 9.48, 137900
01/07/21, 9.44, 9.46, 9.36, 9.40, 194700
01/06/21, 9.44, 9.68, 9.40, 9.44, 233400
01/05/21, 9.50, 9.70, 9.44, 9.44, 1923300
01/04/21, 9.80, 9.80, 9.42, 9.52, 18500
12/31/20, 9.70, 9.80, 9.42, 9.66, 34100
12/30/20, 9.50, 9.80, 9.40, 9.48, 26900
12/29/20, 9.88, 9.88, 9.40, 9.50, 108500
12/28/20, 9.40, 9.62, 9.24, 9.42, 31800
12/24/20, 9.90, 9.90, 9.36, 9.62, 8200
12/23/20, 9.20, 9.50, 9.20, 9.24, 606500
12/22/20, 9.20, 9.30, 9.20, 9.20, 75900
12/21/20, 9.20, 9.30, 9.16, 9.20, 103600
12/18/20, 9.28, 9.30, 9.12, 9.16, 55200
12/17/20, 9.40, 9.40, 9.10, 9.20, 287200
12/16/20, 9.40, 9.40, 9.26, 9.28, 276300
12/15/20, 9.38, 9.40, 9.28, 9.34, 2105600
12/14/20, 9.50, 9.68, 9.20, 9.34, 253400
12/11/20, 9.68, 9.70, 9.50, 9.56, 99100
12/10/20, 9.78, 9.78, 9.60, 9.72, 10400
12/09/20, 9.70, 9.70, 9.50, 9.70, 691500
12/08/20, 9.80, 9.80, 9.20, 9.78, 936400
12/07/20, 9.72, 9.80, 9.72, 9.78, 122000
12/04/20, 9.78, 9.80, 9.60, 9.76, 220400
12/03/20, 9.60, 9.90, 9.60, 9.70, 1241600
12/02/20, 9.80, 9.80, 9.30, 9.36, 62700
12/01/20, 9.74, 9.96, 9.30, 9.78, 480400
11/30/20, 9.60, 9.80, 9.40, 9.54, 60800
11/27/20, 9.70, 9.76, 9.40, 9.54, 49300
11/26/20, 9.40, 9.60, 9.20, 9.34, 83700
11/25/20, 9.72, 9.76, 9.40, 9.40, 2769700
11/24/20, 9.72, 9.72, 9.36, 9.40, 4094100
11/23/20, 9.76, 9.76, 9.50, 9.54, 54700
11/20/20, 9.60, 9.60, 9.42, 9.58, 398200
11/19/20, 9.70, 10.00, 9.56, 9.76, 94900
11/18/20, 10.00, 10.10, 9.70, 10.00, 942100
11/17/20, 9.78, 10.10, 9.72, 10.00, 5375300
11/16/20, 9.86, 10.00, 9.70, 9.78, 52600
11/13/20, 10.00, 10.00, 9.66, 9.90, 4725800
11/12/20, 9.76, 10.00, 9.76, 9.86, 79600
11/11/20, 9.60, 9.90, 9.60, 9.76, 72700
11/10/20, 9.50, 9.80, 9.42, 9.60, 2812100
11/09/20, 9.50, 9.60, 9.50, 9.56, 43200
11/06/20, 9.34, 9.60, 9.34, 9.50, 65500
11/05/20, 9.50, 9.50, 9.30, 9.38, 25300
11/04/20, 9.50, 9.50, 9.20, 9.24, 33400
11/03/20, 9.40, 9.40, 9.00, 9.22, 97300
11/02/20, 9.50, 9.50, 9.00, 9.28, 60500
10/30/20, 9.60, 9.60, 9.40, 9.44, 41900
10/29/20, 9.40, 9.50, 9.40, 9.42, 64300